-- phpMyAdmin SQL Dump
-- version 5.2.1
-- https://www.phpmyadmin.net/
--
-- Host: 127.0.0.1
-- Waktu pembuatan: 10 Bulan Mei 2025 pada 18.32
-- Versi server: 10.4.32-MariaDB
-- Versi PHP: 8.1.31

SET SQL_MODE = "NO_AUTO_VALUE_ON_ZERO";
START TRANSACTION;
SET time_zone = "+00:00";


/*!40101 SET @OLD_CHARACTER_SET_CLIENT=@@CHARACTER_SET_CLIENT */;
/*!40101 SET @OLD_CHARACTER_SET_RESULTS=@@CHARACTER_SET_RESULTS */;
/*!40101 SET @OLD_COLLATION_CONNECTION=@@COLLATION_CONNECTION */;
/*!40101 SET NAMES utf8mb4 */;

--
-- Database: `foodie`
--

-- --------------------------------------------------------

--
-- Struktur dari tabel `admin`
--

CREATE TABLE `admin` (
  `id_admin` int(11) NOT NULL,
  `username` varchar(50) NOT NULL,
  `password` varchar(255) NOT NULL
) ENGINE=InnoDB DEFAULT CHARSET=utf8mb4 COLLATE=utf8mb4_general_ci;

--
-- Dumping data untuk tabel `admin`
--

INSERT INTO `admin` (`id_admin`, `username`, `password`) VALUES
(1, 'adji123', '$2y$10$Zvhdvrz04Wl9Yjkf6tGnNeMildsRzf7X2gaRyQP91zlY0IKwuj/Zy'),
(2, 'admin', '$2y$10$VENI6.4hvcImhOwh7GasyesEs..EGFnmanMtb86YzopJEN8K8IAWS');

-- --------------------------------------------------------

--
-- Struktur dari tabel `detail_pesanan`
--

CREATE TABLE `detail_pesanan` (
  `id_detail` int(11) NOT NULL,
  `id_pesanan` int(11) NOT NULL,
  `id_produk` int(11) NOT NULL,
  `jumlah` int(11) NOT NULL,
  `harga` int(11) NOT NULL
) ENGINE=InnoDB DEFAULT CHARSET=utf8mb4 COLLATE=utf8mb4_general_ci;

--
-- Dumping data untuk tabel `detail_pesanan`
--

INSERT INTO `detail_pesanan` (`id_detail`, `id_pesanan`, `id_produk`, `jumlah`, `harga`) VALUES
(1, 1, 4, 1, 4000000),
(2, 1, 1, 1, 120000),
(3, 1, 3, 1, 600000),
(4, 3, 4, 1, 4000000),
(5, 3, 3, 1, 600000),
(6, 3, 1, 1, 120000);

-- --------------------------------------------------------

--
-- Struktur dari tabel `keranjang`
--

CREATE TABLE `keranjang` (
  `id_keranjang` int(11) NOT NULL,
  `id_user` int(11) NOT NULL,
  `id_produk` int(11) NOT NULL,
  `jumlah` int(11) NOT NULL,
  `created_at` timestamp NOT NULL DEFAULT current_timestamp() ON UPDATE current_timestamp()
) ENGINE=InnoDB DEFAULT CHARSET=utf8mb4 COLLATE=utf8mb4_general_ci;

--
-- Dumping data untuk tabel `keranjang`
--

INSERT INTO `keranjang` (`id_keranjang`, `id_user`, `id_produk`, `jumlah`, `created_at`) VALUES
(10, 4, 4, 1, '2025-05-10 08:44:34');

-- --------------------------------------------------------

--
-- Struktur dari tabel `pesanan`
--

CREATE TABLE `pesanan` (
  `id_pesanan` int(11) NOT NULL,
  `id_user` int(11) NOT NULL,
  `alamat` text NOT NULL,
  `metode_pembayaran` varchar(50) NOT NULL,
  `bukti_transfer` varchar(255) NOT NULL,
  `total` int(11) NOT NULL,
  `status_pesanan` varchar(11) NOT NULL,
  `created_at` timestamp NOT NULL DEFAULT current_timestamp() ON UPDATE current_timestamp()
) ENGINE=InnoDB DEFAULT CHARSET=utf8mb4 COLLATE=utf8mb4_general_ci;

--
-- Dumping data untuk tabel `pesanan`
--

INSERT INTO `pesanan` (`id_pesanan`, `id_user`, `alamat`, `metode_pembayaran`, `bukti_transfer`, `total`, `status_pesanan`, `created_at`) VALUES
(1, 4, 'Kota Bekasi', 'transfer_bank', 'TRF4-1746802069.jpg', 3, 'selesai', '2025-05-10 16:26:11'),
(3, 4, 'Kota Bekasi', 'transfer_bank', 'TRF4-1746852880.jpg', 3, 'selesai', '2025-05-10 16:26:23');

-- --------------------------------------------------------

--
-- Struktur dari tabel `produk`
--

CREATE TABLE `produk` (
  `id_produk` int(11) NOT NULL,
  `nama_produk` varchar(100) NOT NULL,
  `kategori_produk` varchar(50) NOT NULL,
  `gambar` varchar(200) NOT NULL,
  `harga` int(11) NOT NULL,
  `deskripsi` text NOT NULL,
  `stok` int(11) NOT NULL
) ENGINE=InnoDB DEFAULT CHARSET=utf8mb4 COLLATE=utf8mb4_general_ci;

--
-- Dumping data untuk tabel `produk`
--

INSERT INTO `produk` (`id_produk`, `nama_produk`, `kategori_produk`, `gambar`, `harga`, `deskripsi`, `stok`) VALUES
(1, 'Kemeja Hitam', 'Pakaian', 'SSL.jpg', 120000, 'Kemeja hitam cocok untuk dipakai pada pesta pernikahan dan lainnya', 100),
(3, 'Kipas Angin ', 'Elektronik', 'pexels-allan-mas-5622347.jpg', 600000, 'Kipas angin untuk ruangan', 100),
(4, 'Mesin Cuci', 'Elektronik', 'pexels-arshad-sutar-1749303.jpg', 4000000, 'Mesin cuci untuk membersihkan pakaian dll', 100),
(5, 'TV LED 14 Inch', 'Elektronik', 'pexels-freestocksorg-1122528.jpg', 2000000, 'TV LCD ukuran 14 inch, layar jernih dan suara jernih', 140),
(6, 'Kaos Polos', 'Pakaian', 'pexels-nick-bondarev-4534200.jpg', 200000, 'Kaos polos ukuran L', 200),
(7, 'Jaket Sweater', 'Pakaian', 'pexels-bri-schneiter-346529.jpg', 120000, 'Jaket sweter ukuran all size', 30);

-- --------------------------------------------------------

--
-- Struktur dari tabel `user`
--

CREATE TABLE `user` (
  `id_user` int(11) NOT NULL,
  `username` varchar(50) NOT NULL,
  `password` varchar(255) NOT NULL,
  `nama_lengkap` varchar(50) NOT NULL,
  `no_telepon` varchar(20) NOT NULL,
  `alamat` text NOT NULL,
  `created_at` timestamp NOT NULL DEFAULT current_timestamp() ON UPDATE current_timestamp()
) ENGINE=InnoDB DEFAULT CHARSET=utf8mb4 COLLATE=utf8mb4_general_ci;

--
-- Dumping data untuk tabel `user`
--

INSERT INTO `user` (`id_user`, `username`, `password`, `nama_lengkap`, `no_telepon`, `alamat`, `created_at`) VALUES
(4, 'amz123', '$2y$10$f7rn2Zqe2Ma.cpbPy78sQe3AhF/ZzKb4iCvClWU2WDx6h2W59v97O', 'adji muhamad zidan', '0893232323', 'Kota Bekasi', '2025-05-10 02:16:28');

--
-- Indexes for dumped tables
--

--
-- Indeks untuk tabel `admin`
--
ALTER TABLE `admin`
  ADD PRIMARY KEY (`id_admin`);

--
-- Indeks untuk tabel `detail_pesanan`
--
ALTER TABLE `detail_pesanan`
  ADD PRIMARY KEY (`id_detail`),
  ADD KEY `id_pesanan` (`id_pesanan`),
  ADD KEY `id_produk` (`id_produk`);

--
-- Indeks untuk tabel `keranjang`
--
ALTER TABLE `keranjang`
  ADD PRIMARY KEY (`id_keranjang`),
  ADD KEY `id_user` (`id_user`,`id_produk`),
  ADD KEY `id_produk` (`id_produk`);

--
-- Indeks untuk tabel `pesanan`
--
ALTER TABLE `pesanan`
  ADD PRIMARY KEY (`id_pesanan`),
  ADD KEY `id_user` (`id_user`);

--
-- Indeks untuk tabel `produk`
--
ALTER TABLE `produk`
  ADD PRIMARY KEY (`id_produk`);

--
-- Indeks untuk tabel `user`
--
ALTER TABLE `user`
  ADD PRIMARY KEY (`id_user`);

--
-- AUTO_INCREMENT untuk tabel yang dibuang
--

--
-- AUTO_INCREMENT untuk tabel `admin`
--
ALTER TABLE `admin`
  MODIFY `id_admin` int(11) NOT NULL AUTO_INCREMENT, AUTO_INCREMENT=3;

--
-- AUTO_INCREMENT untuk tabel `detail_pesanan`
--
ALTER TABLE `detail_pesanan`
  MODIFY `id_detail` int(11) NOT NULL AUTO_INCREMENT, AUTO_INCREMENT=7;

--
-- AUTO_INCREMENT untuk tabel `keranjang`
--
ALTER TABLE `keranjang`
  MODIFY `id_keranjang` int(11) NOT NULL AUTO_INCREMENT, AUTO_INCREMENT=11;

--
-- AUTO_INCREMENT untuk tabel `pesanan`
--
ALTER TABLE `pesanan`
  MODIFY `id_pesanan` int(11) NOT NULL AUTO_INCREMENT, AUTO_INCREMENT=4;

--
-- AUTO_INCREMENT untuk tabel `produk`
--
ALTER TABLE `produk`
  MODIFY `id_produk` int(11) NOT NULL AUTO_INCREMENT, AUTO_INCREMENT=8;

--
-- AUTO_INCREMENT untuk tabel `user`
--
ALTER TABLE `user`
  MODIFY `id_user` int(11) NOT NULL AUTO_INCREMENT, AUTO_INCREMENT=5;

--
-- Ketidakleluasaan untuk tabel pelimpahan (Dumped Tables)
--

--
-- Ketidakleluasaan untuk tabel `detail_pesanan`
--
ALTER TABLE `detail_pesanan`
  ADD CONSTRAINT `detail_pesanan_ibfk_1` FOREIGN KEY (`id_pesanan`) REFERENCES `pesanan` (`id_pesanan`),
  ADD CONSTRAINT `detail_pesanan_ibfk_2` FOREIGN KEY (`id_produk`) REFERENCES `produk` (`id_produk`);

--
-- Ketidakleluasaan untuk tabel `keranjang`
--
ALTER TABLE `keranjang`
  ADD CONSTRAINT `keranjang_ibfk_1` FOREIGN KEY (`id_produk`) REFERENCES `produk` (`id_produk`),
  ADD CONSTRAINT `keranjang_ibfk_2` FOREIGN KEY (`id_user`) REFERENCES `user` (`id_user`);

--
-- Ketidakleluasaan untuk tabel `pesanan`
--
ALTER TABLE `pesanan`
  ADD CONSTRAINT `pesanan_ibfk_1` FOREIGN KEY (`id_user`) REFERENCES `user` (`id_user`);
COMMIT;

/*!40101 SET CHARACTER_SET_CLIENT=@OLD_CHARACTER_SET_CLIENT */;
/*!40101 SET CHARACTER_SET_RESULTS=@OLD_CHARACTER_SET_RESULTS */;
/*!40101 SET COLLATION_CONNECTION=@OLD_COLLATION_CONNECTION */;
